dataset,trajectory_id,binary_label,n_turns,approx_tokens,model,representation,anomaly_score,reconstruction_score,kl_score,risk_percentile,predicted_alert_90,predicted_alert_95,predicted_alert_99
trace,trajectory_0389,0,26,1085,vae,turn_embedding_pool_side,0.6869623,0.6825513,4.4109535,0.9990414110429447,1,1,1
trace,trajectory_0223,0,16,680,vae,turn_embedding_pool_side,0.6994056,0.696153,3.2526248,0.9990414110429447,1,1,1
trace,trajectory_0366,0,32,1179,vae,turn_embedding_pool_side,0.7598531,0.7556641,4.189019,0.9990414110429447,1,1,1
trace,trajectory_0448,0,34,1164,vae,turn_embedding_pool_side,0.58099604,0.5775613,3.4347339,0.9988496932515337,1,1,1
trace,trajectory_0018,1,27,772,vae,turn_embedding_pool_side,0.6665385,0.66303235,3.506139,0.9990414110429447,1,1,1
trace,trajectory_0274,0,26,674,vae,turn_embedding_pool_side,0.69093734,0.6864253,4.512012,0.9990414110429447,1,1,1
trace,trajectory_0331,0,22,753,vae,turn_embedding_pool_side,0.7306042,0.72717255,3.4315925,0.9990414110429447,1,1,1
trace,trajectory_0262,1,37,924,vae,turn_embedding_pool_side,0.71980184,0.71620053,3.6013155,0.9990414110429447,1,1,1
trace,trajectory_0327,1,20,1301,vae,turn_embedding_pool_side,0.7354181,0.73131734,4.100721,0.9990414110429447,1,1,1
trace,trajectory_0409,0,30,1031,vae,turn_embedding_pool_side,0.653349,0.6492805,4.0685124,0.9990414110429447,1,1,1
trace,trajectory_0059,1,26,820,vae,turn_embedding_pool_side,0.6235147,0.6195395,3.9752047,0.9988496932515337,1,1,1
trace,trajectory_0235,0,15,562,vae,turn_embedding_pool_side,0.6686818,0.66436774,4.3140917,0.9990414110429447,1,1,1
trace,trajectory_0370,0,33,945,vae,turn_embedding_pool_side,0.49474174,0.4906314,4.1103506,0.9982745398773006,1,1,1
trace,trajectory_0167,0,22,831,vae,turn_embedding_pool_side,0.8286503,0.82477677,3.8735065,0.9990414110429447,1,1,1
trace,trajectory_0188,1,27,759,vae,turn_embedding_pool_side,0.5712765,0.5674136,3.8628707,0.9986579754601227,1,1,1
trace,trajectory_0472,1,20,742,vae,turn_embedding_pool_side,0.6865351,0.6832249,3.310176,0.9990414110429447,1,1,1
trace,trajectory_0022,1,29,868,vae,turn_embedding_pool_side,0.74756545,0.7429376,4.627848,0.9990414110429447,1,1,1
trace,trajectory_0130,0,22,749,vae,turn_embedding_pool_side,0.77277064,0.7688509,3.9197469,0.9990414110429447,1,1,1
trace,trajectory_0075,0,32,869,vae,turn_embedding_pool_side,0.64797777,0.64488727,3.0904841,0.9990414110429447,1,1,1
trace,trajectory_0425,1,23,833,vae,turn_embedding_pool_side,0.715667,0.7115552,4.111844,0.9990414110429447,1,1,1
trace,trajectory_0219,1,18,469,vae,turn_embedding_pool_side,0.64102507,0.6378864,3.1386666,0.9990414110429447,1,1,1
trace,trajectory_0126,1,25,997,vae,turn_embedding_pool_side,0.73603624,0.73245543,3.5808067,0.9990414110429447,1,1,1
trace,trajectory_0433,0,40,1280,vae,turn_embedding_pool_side,0.73304284,0.72916365,3.8791602,0.9990414110429447,1,1,1
trace,trajectory_0063,0,23,600,vae,turn_embedding_pool_side,0.6987128,0.6948949,3.8179238,0.9990414110429447,1,1,1
trace,trajectory_0171,0,26,1094,vae,turn_embedding_pool_side,0.6263299,0.62274617,3.5837252,0.9988496932515337,1,1,1
trace,trajectory_0034,1,30,722,vae,turn_embedding_pool_side,0.5862371,0.58280885,3.428205,0.9988496932515337,1,1,1
trace,trajectory_0464,1,28,699,vae,turn_embedding_pool_side,0.6033454,0.6001546,3.1908095,0.9988496932515337,1,1,1
trace,trajectory_0258,0,26,1189,vae,turn_embedding_pool_side,0.7594536,0.75562626,3.8273304,0.9990414110429447,1,1,1
trace,trajectory_0385,1,21,518,vae,turn_embedding_pool_side,0.6617752,0.6583078,3.467383,0.9990414110429447,1,1,1
trace,trajectory_0413,1,26,1364,vae,turn_embedding_pool_side,0.6106356,0.60593355,4.7020197,0.9988496932515337,1,1,1
trace,trajectory_0043,1,29,847,vae,turn_embedding_pool_side,0.7162646,0.71249497,3.7696543,0.9990414110429447,1,1,1
trace,trajectory_0106,1,21,906,vae,turn_embedding_pool_side,0.71027464,0.70523804,5.0365753,0.9990414110429447,1,1,1
trace,trajectory_0278,0,21,752,vae,turn_embedding_pool_side,0.46400484,0.4597972,4.207628,0.9973159509202454,1,1,1
trace,trajectory_0297,1,25,823,vae,turn_embedding_pool_side,0.72353107,0.72056127,2.969782,0.9990414110429447,1,1,1
trace,trajectory_0014,0,36,643,vae,turn_embedding_pool_side,0.6678509,0.6636807,4.170241,0.9990414110429447,1,1,1
trace,trajectory_0444,0,21,893,vae,turn_embedding_pool_side,0.6642198,0.6602857,3.9340901,0.9990414110429447,1,1,1
trace,trajectory_0151,1,24,636,vae,turn_embedding_pool_side,0.6723197,0.6686043,3.7154067,0.9990414110429447,1,1,1
trace,trajectory_0501,1,24,1088,vae,turn_embedding_pool_side,0.5871922,0.5829953,4.1968956,0.9988496932515337,1,1,1
trace,trajectory_0281,0,24,656,vae,turn_embedding_pool_side,0.73928463,0.73580164,3.4830039,0.9990414110429447,1,1,1
trace,trajectory_0452,1,29,1014,vae,turn_embedding_pool_side,0.7036952,0.70018655,3.5086074,0.9990414110429447,1,1,1
trace,trajectory_0002,1,25,748,vae,turn_embedding_pool_side,0.55463064,0.55066895,3.9616652,0.9984662576687117,1,1,1
trace,trajectory_0517,1,24,773,vae,turn_embedding_pool_side,0.7551758,0.75081235,4.3634834,0.9990414110429447,1,1,1
trace,trajectory_0147,0,23,877,vae,turn_embedding_pool_side,0.72058225,0.7157749,4.8073635,0.9990414110429447,1,1,1
trace,trajectory_0393,1,31,1000,vae,turn_embedding_pool_side,0.6310084,0.62717444,3.8339376,0.9988496932515337,1,1,1
trace,trajectory_0239,0,27,623,vae,turn_embedding_pool_side,0.62162524,0.61789846,3.726757,0.9988496932515337,1,1,1
trace,trajectory_0055,0,25,760,vae,turn_embedding_pool_side,0.77320874,0.7686186,4.5901456,0.9990414110429447,1,1,1
trace,trajectory_0405,1,18,799,vae,turn_embedding_pool_side,0.6980127,0.6940615,3.9511738,0.9990414110429447,1,1,1
trace,trajectory_0110,0,40,889,vae,turn_embedding_pool_side,0.6100679,0.6060889,3.979056,0.9988496932515337,1,1,1
trace,trajectory_0307,0,26,835,vae,turn_embedding_pool_side,0.7027693,0.69962084,3.1484084,0.9990414110429447,1,1,1
trace,trajectory_0242,0,42,1168,vae,turn_embedding_pool_side,0.79754514,0.793311,4.2341633,0.9990414110429447,1,1,1
trace,trajectory_0491,1,41,1210,vae,turn_embedding_pool_side,0.77568096,0.7717899,3.8910692,0.9990414110429447,1,1,1
trace,trajectory_0184,0,33,1034,vae,turn_embedding_pool_side,0.67813075,0.67357844,4.552313,0.9990414110429447,1,1,1
trace,trajectory_0350,0,21,877,vae,turn_embedding_pool_side,0.62447065,0.62071913,3.7515075,0.9988496932515337,1,1,1
trace,trajectory_0215,0,31,1176,vae,turn_embedding_pool_side,0.6258924,0.6222663,3.6261232,0.9988496932515337,1,1,1
trace,trajectory_0096,1,29,610,vae,turn_embedding_pool_side,0.7060042,0.70202327,3.9809546,0.9990414110429447,1,1,1
trace,trajectory_0429,1,23,543,vae,turn_embedding_pool_side,0.55055577,0.5466631,3.8926754,0.9984662576687117,1,1,1
trace,trajectory_0079,1,25,1426,vae,turn_embedding_pool_side,0.682887,0.6792288,3.6582637,0.9990414110429447,1,1,1
trace,trajectory_0346,1,21,686,vae,turn_embedding_pool_side,0.7345554,0.7301016,4.4538164,0.9990414110429447,1,1,1
trace,trajectory_0203,1,18,539,vae,turn_embedding_pool_side,0.6023553,0.59872115,3.6341255,0.9988496932515337,1,1,1
trace,trajectory_0080,0,36,1301,vae,turn_embedding_pool_side,0.8533597,0.8491415,4.218201,0.9990414110429447,1,1,1
trace,trajectory_0311,0,16,664,vae,turn_embedding_pool_side,0.653993,0.6500926,3.900431,0.9990414110429447,1,1,1
trace,trajectory_0254,0,31,948,vae,turn_embedding_pool_side,0.5644278,0.5599174,4.5104265,0.9986579754601227,1,1,1
trace,trajectory_0487,1,36,1386,vae,turn_embedding_pool_side,0.82638866,0.82222766,4.1610184,0.9990414110429447,1,1,1
trace,trajectory_0192,1,21,875,vae,turn_embedding_pool_side,0.7105207,0.70673996,3.7807353,0.9990414110429447,1,1,1
trace,trajectory_0468,1,24,793,vae,turn_embedding_pool_side,0.68956363,0.6855177,4.045898,0.9990414110429447,1,1,1
trace,trajectory_0038,1,23,824,vae,turn_embedding_pool_side,0.6979398,0.69386154,4.0782976,0.9990414110429447,1,1,1
trace,trajectory_0486,1,29,1340,vae,turn_embedding_pool_side,0.725998,0.72213787,3.8601155,0.9990414110429447,1,1,1
trace,trajectory_0193,1,23,637,vae,turn_embedding_pool_side,0.70352304,0.70057344,2.9495974,0.9990414110429447,1,1,1
trace,trajectory_0469,1,24,778,vae,turn_embedding_pool_side,0.63471156,0.6312651,3.4464536,0.9990414110429447,1,1,1
trace,trajectory_0039,0,32,1299,vae,turn_embedding_pool_side,0.49645886,0.49224758,4.211283,0.9982745398773006,1,1,1
trace,trajectory_0310,0,23,591,vae,turn_embedding_pool_side,0.7193448,0.715826,3.5188274,0.9990414110429447,1,1,1
trace,trajectory_0255,0,31,885,vae,turn_embedding_pool_side,0.62934166,0.62535423,3.9874563,0.9988496932515337,1,1,1
trace,trajectory_0081,1,24,1163,vae,turn_embedding_pool_side,0.7186693,0.71369725,4.9720454,0.9990414110429447,1,1,1
trace,trajectory_0347,0,24,1188,vae,turn_embedding_pool_side,0.7320256,0.72822005,3.805561,0.9990414110429447,1,1,1
trace,trajectory_0202,0,30,794,vae,turn_embedding_pool_side,0.7046453,0.70098376,3.6615384,0.9990414110429447,1,1,1
trace,trajectory_0097,0,31,905,vae,turn_embedding_pool_side,0.7218609,0.7175533,4.3075466,0.9990414110429447,1,1,1
trace,trajectory_0428,0,24,2116,vae,turn_embedding_pool_side,0.8159607,0.81184655,4.1141624,0.9990414110429447,1,1,1
trace,trajectory_0078,0,29,664,vae,turn_embedding_pool_side,0.70884055,0.7050583,3.7822795,0.9990414110429447,1,1,1
trace,trajectory_0351,0,19,264,vae,turn_embedding_pool_side,0.7192213,0.71574956,3.4717054,0.9990414110429447,1,1,1
trace,trajectory_0214,1,22,1014,vae,turn_embedding_pool_side,0.80104554,0.7968919,4.153583,0.9990414110429447,1,1,1
trace,trajectory_0490,1,34,943,vae,turn_embedding_pool_side,0.7660991,0.7622168,3.8822916,0.9990414110429447,1,1,1
trace,trajectory_0185,0,24,1525,vae,turn_embedding_pool_side,0.6095148,0.60486305,4.6517305,0.9988496932515337,1,1,1
trace,trajectory_0306,1,31,699,vae,turn_embedding_pool_side,0.6460553,0.6421212,3.9341097,0.9990414110429447,1,1,1
trace,trajectory_0243,1,27,901,vae,turn_embedding_pool_side,0.7133175,0.70971036,3.6071644,0.9990414110429447,1,1,1
trace,trajectory_0054,0,18,657,vae,turn_embedding_pool_side,0.76190996,0.75796616,3.9438293,0.9990414110429447,1,1,1
trace,trajectory_0404,1,30,1195,vae,turn_embedding_pool_side,0.57528466,0.5720789,3.2057734,0.9986579754601227,1,1,1
trace,trajectory_0111,0,29,822,vae,turn_embedding_pool_side,0.61814874,0.6144609,3.6878502,0.9988496932515337,1,1,1
trace,trajectory_0392,1,27,672,vae,turn_embedding_pool_side,0.5382995,0.53397363,4.3258457,0.9984662576687117,1,1,1
trace,trajectory_0238,1,21,717,vae,turn_embedding_pool_side,0.7579713,0.7547575,3.2137575,0.9990414110429447,1,1,1
trace,trajectory_0453,1,34,869,vae,turn_embedding_pool_side,0.63886446,0.63527495,3.5895205,0.9990414110429447,1,1,1
trace,trajectory_0003,0,26,1004,vae,turn_embedding_pool_side,0.76581925,0.76182574,3.9935257,0.9990414110429447,1,1,1
trace,trajectory_0516,1,24,773,vae,turn_embedding_pool_side,0.756325,0.7519615,4.3634834,0.9990414110429447,1,1,1
trace,trajectory_0146,1,21,757,vae,turn_embedding_pool_side,0.68780416,0.68368566,4.1184893,0.9990414110429447,1,1,1
trace,trajectory_0280,0,36,1008,vae,turn_embedding_pool_side,0.7105169,0.70702374,3.4931602,0.9990414110429447,1,1,1
trace,trajectory_0015,0,35,991,vae,turn_embedding_pool_side,0.588353,0.58486044,3.4925122,0.9988496932515337,1,1,1
trace,trajectory_0445,0,23,759,vae,turn_embedding_pool_side,0.8657043,0.8621955,3.5088005,0.9990414110429447,1,1,1
trace,trajectory_0150,0,17,778,vae,turn_embedding_pool_side,0.6520445,0.6487933,3.2512016,0.9990414110429447,1,1,1
trace,trajectory_0500,1,21,857,vae,turn_embedding_pool_side,0.6836773,0.6800104,3.6669571,0.9990414110429447,1,1,1
trace,trajectory_0279,0,26,882,vae,turn_embedding_pool_side,0.7521942,0.7491149,3.0793672,0.9990414110429447,1,1,1
trace,trajectory_0296,1,24,791,vae,turn_embedding_pool_side,0.5032768,0.4990406,4.236222,0.9982745398773006,1,1,1
trace,trajectory_0412,1,25,829,vae,turn_embedding_pool_side,0.6414835,0.6371368,4.3466506,0.9990414110429447,1,1,1
trace,trajectory_0042,0,28,795,vae,turn_embedding_pool_side,0.72047997,0.71656615,3.9138274,0.9990414110429447,1,1,1
trace,trajectory_0107,1,26,1049,vae,turn_embedding_pool_side,0.6499595,0.64610255,3.8569458,0.9990414110429447,1,1,1
trace,trajectory_0384,0,20,531,vae,turn_embedding_pool_side,0.6738627,0.6697169,4.1457777,0.9990414110429447,1,1,1
trace,trajectory_0259,1,27,892,vae,turn_embedding_pool_side,0.7067859,0.70303947,3.7464747,0.9990414110429447,1,1,1
trace,trajectory_0170,0,35,977,vae,turn_embedding_pool_side,0.5914841,0.58774894,3.7351635,0.9988496932515337,1,1,1
trace,trajectory_0035,0,26,873,vae,turn_embedding_pool_side,0.79523194,0.79131657,3.9153695,0.9990414110429447,1,1,1
trace,trajectory_0465,1,20,624,vae,turn_embedding_pool_side,0.70780003,0.70464015,3.1598916,0.9990414110429447,1,1,1
trace,trajectory_0127,0,15,601,vae,turn_embedding_pool_side,0.5606694,0.55602247,4.6469636,0.9984662576687117,1,1,1
trace,trajectory_0432,1,21,621,vae,turn_embedding_pool_side,0.5499272,0.54585207,4.0750904,0.9984662576687117,1,1,1
trace,trajectory_0062,0,17,684,vae,turn_embedding_pool_side,0.85803264,0.8537801,4.252578,0.9990414110429447,1,1,1
trace,trajectory_0218,1,26,919,vae,turn_embedding_pool_side,0.6406588,0.6366189,4.0398865,0.9990414110429447,1,1,1
trace,trajectory_0131,1,38,1117,vae,turn_embedding_pool_side,0.65925336,0.65554076,3.7126079,0.9990414110429447,1,1,1
trace,trajectory_0074,1,33,2085,vae,turn_embedding_pool_side,0.6538538,0.64962786,4.225924,0.9990414110429447,1,1,1
trace,trajectory_0424,0,22,994,vae,turn_embedding_pool_side,0.667856,0.6638866,3.9693747,0.9990414110429447,1,1,1
trace,trajectory_0166,0,33,956,vae,turn_embedding_pool_side,0.66836965,0.6642781,4.0915523,0.9990414110429447,1,1,1
trace,trajectory_0189,0,25,686,vae,turn_embedding_pool_side,0.7523548,0.7493285,3.0262954,0.9990414110429447,1,1,1
trace,trajectory_0473,0,30,604,vae,turn_embedding_pool_side,0.6661546,0.6622145,3.9400778,0.9990414110429447,1,1,1
trace,trajectory_0023,1,22,604,vae,turn_embedding_pool_side,0.57236695,0.56880236,3.5646122,0.9986579754601227,1,1,1
trace,trajectory_0234,0,20,754,vae,turn_embedding_pool_side,0.69407904,0.6896117,4.4673543,0.9990414110429447,1,1,1
trace,trajectory_0371,1,16,569,vae,turn_embedding_pool_side,0.57582766,0.57149756,4.3301215,0.9986579754601227,1,1,1
trace,trajectory_0408,1,24,1324,vae,turn_embedding_pool_side,0.7037181,0.70025665,3.4615002,0.9990414110429447,1,1,1
trace,trajectory_0058,0,22,1110,vae,turn_embedding_pool_side,0.73243845,0.72850585,3.9326236,0.9990414110429447,1,1,1
trace,trajectory_0263,1,21,613,vae,turn_embedding_pool_side,0.84562624,0.84171474,3.9115078,0.9990414110429447,1,1,1
trace,trajectory_0326,0,15,645,vae,turn_embedding_pool_side,0.8890352,0.88572913,3.3061106,0.9990414110429447,1,1,1
trace,trajectory_0275,1,22,604,vae,turn_embedding_pool_side,0.61288476,0.60926896,3.615768,0.9988496932515337,1,1,1
trace,trajectory_0330,1,22,1111,vae,turn_embedding_pool_side,0.685782,0.68179893,3.983099,0.9990414110429447,1,1,1
trace,trajectory_0449,1,26,599,vae,turn_embedding_pool_side,0.71986705,0.7160568,3.810234,0.9990414110429447,1,1,1
trace,trajectory_0019,1,21,880,vae,turn_embedding_pool_side,0.64469314,0.64113873,3.5544064,0.9990414110429447,1,1,1
trace,trajectory_0388,1,43,1307,vae,turn_embedding_pool_side,0.6953716,0.6913536,4.018023,0.9990414110429447,1,1,1
trace,trajectory_0222,0,17,591,vae,turn_embedding_pool_side,0.64636666,0.642944,3.4227023,0.9990414110429447,1,1,1
trace,trajectory_0367,1,21,950,vae,turn_embedding_pool_side,0.7477408,0.7442734,3.4673786,0.9990414110429447,1,1,1
trace,trajectory_0229,1,24,790,vae,turn_embedding_pool_side,0.74302995,0.7392619,3.768053,0.9990414110429447,1,1,1
trace,trajectory_0383,0,34,1353,vae,turn_embedding_pool_side,0.71809894,0.71447307,3.6258864,0.9990414110429447,1,1,1
trace,trajectory_0415,1,35,1135,vae,turn_embedding_pool_side,0.6437262,0.63995016,3.7760553,0.9990414110429447,1,1,1
trace,trajectory_0045,0,20,700,vae,turn_embedding_pool_side,0.72228104,0.71892726,3.3537588,0.9990414110429447,1,1,1
trace,trajectory_0100,1,24,978,vae,turn_embedding_pool_side,0.68347347,0.67984825,3.6251879,0.9990414110429447,1,1,1
trace,trajectory_0291,1,29,1067,vae,turn_embedding_pool_side,0.67967576,0.6754201,4.255642,0.9990414110429447,1,1,1
trace,trajectory_0012,1,27,512,vae,turn_embedding_pool_side,0.6634453,0.65986806,3.577254,0.9990414110429447,1,1,1
trace,trajectory_0442,0,39,713,vae,turn_embedding_pool_side,0.664677,0.6615113,3.1657212,0.9990414110429447,1,1,1
trace,trajectory_0157,0,34,1021,vae,turn_embedding_pool_side,0.7470688,0.74233997,4.728824,0.9990414110429447,1,1,1
trace,trajectory_0507,1,36,1071,vae,turn_embedding_pool_side,0.7175075,0.7130555,4.4519873,0.9990414110429447,1,1,1
trace,trajectory_0268,1,23,756,vae,turn_embedding_pool_side,0.7880773,0.78445363,3.6236396,0.9990414110429447,1,1,1
trace,trajectory_0287,0,22,604,vae,turn_embedding_pool_side,0.6821931,0.6780927,4.10036,0.9990414110429447,1,1,1
trace,trajectory_0454,1,19,622,vae,turn_embedding_pool_side,0.66403186,0.6604506,3.5812874,0.9990414110429447,1,1,1
trace,trajectory_0004,0,32,1277,vae,turn_embedding_pool_side,0.7817505,0.7774059,4.3446007,0.9990414110429447,1,1,1
trace,trajectory_0511,1,22,1115,vae,turn_embedding_pool_side,0.55313027,0.54912806,4.0021963,0.9984662576687117,1,1,1
trace,trajectory_0141,1,20,718,vae,turn_embedding_pool_side,0.7026018,0.698863,3.7387316,0.9990414110429447,1,1,1
trace,trajectory_0395,1,20,757,vae,turn_embedding_pool_side,0.7012208,0.69750065,3.720175,0.9990414110429447,1,1,1
trace,trajectory_0053,1,31,1104,vae,turn_embedding_pool_side,0.6254571,0.62234163,3.1155019,0.9988496932515337,1,1,1
trace,trajectory_0403,1,30,1272,vae,turn_embedding_pool_side,0.6678196,0.6634758,4.3437924,0.9990414110429447,1,1,1
trace,trajectory_0116,0,28,560,vae,turn_embedding_pool_side,0.63745713,0.63413745,3.3196528,0.9990414110429447,1,1,1
trace,trajectory_0301,0,18,829,vae,turn_embedding_pool_side,0.81199807,0.808693,3.3050973,0.9990414110429447,1,1,1
trace,trajectory_0244,0,29,1297,vae,turn_embedding_pool_side,0.77389336,0.7705646,3.3287325,0.9990414110429447,1,1,1
trace,trajectory_0497,1,34,1000,vae,turn_embedding_pool_side,0.7065363,0.70273095,3.8053129,0.9990414110429447,1,1,1
trace,trajectory_0028,0,25,599,vae,turn_embedding_pool_side,0.7091306,0.7054795,3.651091,0.9990414110429447,1,1,1
trace,trajectory_0182,0,26,625,vae,turn_embedding_pool_side,0.6474674,0.64337903,4.0883293,0.9990414110429447,1,1,1
trace,trajectory_0478,0,29,667,vae,turn_embedding_pool_side,0.62718123,0.6232538,3.9274318,0.9988496932515337,1,1,1
trace,trajectory_0356,0,22,1483,vae,turn_embedding_pool_side,0.6363802,0.6318658,4.514407,0.9990414110429447,1,1,1
trace,trajectory_0213,0,32,1334,vae,turn_embedding_pool_side,0.6737851,0.66997814,3.8069494,0.9990414110429447,1,1,1
trace,trajectory_0090,1,26,632,vae,turn_embedding_pool_side,0.6568934,0.6525445,4.3488507,0.9990414110429447,1,1,1
trace,trajectory_0340,0,32,971,vae,turn_embedding_pool_side,0.5664889,0.5618934,4.595525,0.9986579754601227,1,1,1
trace,trajectory_0205,1,26,577,vae,turn_embedding_pool_side,0.5834118,0.5790864,4.3253736,0.9988496932515337,1,1,1
trace,trajectory_0086,0,26,783,vae,turn_embedding_pool_side,0.6094411,0.6057839,3.657194,0.9988496932515337,1,1,1
trace,trajectory_0069,1,33,1010,vae,turn_embedding_pool_side,0.6055211,0.60148525,4.0358243,0.9988496932515337,1,1,1
trace,trajectory_0439,0,38,975,vae,turn_embedding_pool_side,0.77939296,0.77545035,3.9426215,0.9990414110429447,1,1,1
trace,trajectory_0317,0,15,304,vae,turn_embedding_pool_side,0.8305558,0.8269019,3.653864,0.9990414110429447,1,1,1
trace,trajectory_0252,1,27,828,vae,turn_embedding_pool_side,0.6828612,0.67904115,3.8200352,0.9990414110429447,1,1,1
trace,trajectory_0481,0,21,1084,vae,turn_embedding_pool_side,0.6373644,0.63337964,3.9847472,0.9990414110429447,1,1,1
trace,trajectory_0194,1,29,1137,vae,turn_embedding_pool_side,0.7288631,0.7245064,4.3567324,0.9990414110429447,1,1,1
trace,trajectory_0049,1,22,573,vae,turn_embedding_pool_side,0.76666635,0.7624397,4.2265983,0.9990414110429447,1,1,1
trace,trajectory_0419,0,43,665,vae,turn_embedding_pool_side,0.6926943,0.6888378,3.856474,0.9990414110429447,1,1,1
trace,trajectory_0225,0,20,1048,vae,turn_embedding_pool_side,0.7770324,0.7728985,4.1338983,0.9990414110429447,1,1,1
trace,trajectory_0360,1,27,863,vae,turn_embedding_pool_side,0.72195846,0.7181484,3.810058,0.9990414110429447,1,1,1
trace,trajectory_0272,1,27,591,vae,turn_embedding_pool_side,0.68639624,0.6829983,3.3979323,0.9990414110429447,1,1,1
trace,trajectory_0337,1,25,930,vae,turn_embedding_pool_side,0.7182143,0.71480274,3.4115024,0.9990414110429447,1,1,1
trace,trajectory_0008,0,28,832,vae,turn_embedding_pool_side,0.6049704,0.60072875,4.241649,0.9988496932515337,1,1,1
trace,trajectory_0458,1,26,1200,vae,turn_embedding_pool_side,0.6883024,0.68435967,3.942699,0.9990414110429447,1,1,1
trace,trajectory_0264,0,20,1255,vae,turn_embedding_pool_side,0.8569858,0.85292774,4.0580907,0.9990414110429447,1,1,1
trace,trajectory_0321,0,25,751,vae,turn_embedding_pool_side,0.68317187,0.6789054,4.2664194,0.9990414110429447,1,1,1
trace,trajectory_0233,1,19,621,vae,turn_embedding_pool_side,0.83506864,0.8319475,3.1211364,0.9990414110429447,1,1,1
trace,trajectory_0399,1,14,274,vae,turn_embedding_pool_side,0.85716325,0.8541571,3.006165,0.9990414110429447,1,1,1
trace,trajectory_0376,1,36,1350,vae,turn_embedding_pool_side,0.671838,0.6672193,4.6187325,0.9990414110429447,1,1,1
trace,trajectory_0161,0,31,1189,vae,turn_embedding_pool_side,0.71779853,0.71299255,4.8059587,0.9990414110429447,1,1,1
trace,trajectory_0474,0,30,590,vae,turn_embedding_pool_side,0.80321985,0.8001538,3.0660832,0.9990414110429447,1,1,1
trace,trajectory_0024,1,29,696,vae,turn_embedding_pool_side,0.6617835,0.6577821,4.001446,0.9990414110429447,1,1,1
trace,trajectory_0248,0,35,1559,vae,turn_embedding_pool_side,0.5862382,0.58213174,4.1064377,0.9988496932515337,1,1,1
trace,trajectory_0136,0,37,922,vae,turn_embedding_pool_side,0.6656494,0.66207373,3.5756962,0.9990414110429447,1,1,1
trace,trajectory_0073,0,28,1059,vae,turn_embedding_pool_side,0.7359213,0.73174936,4.1719613,0.9990414110429447,1,1,1
trace,trajectory_0423,1,28,844,vae,turn_embedding_pool_side,0.7703746,0.76699424,3.380387,0.9990414110429447,1,1,1
trace,trajectory_0120,0,37,1336,vae,turn_embedding_pool_side,0.68194956,0.6779643,3.9852374,0.9990414110429447,1,1,1
trace,trajectory_0435,1,34,870,vae,turn_embedding_pool_side,0.66977525,0.66621107,3.5641968,0.9990414110429447,1,1,1
trace,trajectory_0065,1,32,1648,vae,turn_embedding_pool_side,0.6400759,0.6363345,3.7414708,0.9990414110429447,1,1,1
trace,trajectory_0209,1,21,731,vae,turn_embedding_pool_side,0.6898882,0.6861492,3.7390163,0.9990414110429447,1,1,1
trace,trajectory_0177,0,32,782,vae,turn_embedding_pool_side,0.64894027,0.64459944,4.340829,0.9990414110429447,1,1,1
trace,trajectory_0032,1,20,596,vae,turn_embedding_pool_side,0.5611027,0.5573009,3.8017716,0.9984662576687117,1,1,1
trace,trajectory_0198,1,21,783,vae,turn_embedding_pool_side,0.7000186,0.6958865,4.1320925,0.9990414110429447,1,1,1
trace,trajectory_0462,0,29,1231,vae,turn_embedding_pool_side,0.6450962,0.64069724,4.398931,0.9990414110429447,1,1,1
trace,trajectory_0176,1,31,1045,vae,turn_embedding_pool_side,0.75452256,0.7504839,4.0387053,0.9990414110429447,1,1,1
trace,trajectory_0033,1,31,753,vae,turn_embedding_pool_side,0.60701203,0.60331005,3.7019787,0.9988496932515337,1,1,1
trace,trajectory_0199,1,19,666,vae,turn_embedding_pool_side,0.7754029,0.77188486,3.5180724,0.9990414110429447,1,1,1
trace,trajectory_0463,0,23,832,vae,turn_embedding_pool_side,0.70529866,0.70148915,3.8095117,0.9990414110429447,1,1,1
trace,trajectory_0208,1,41,920,vae,turn_embedding_pool_side,0.7611301,0.7572897,3.8403604,0.9990414110429447,1,1,1
trace,trajectory_0121,0,26,896,vae,turn_embedding_pool_side,0.58856183,0.58395284,4.6089993,0.9988496932515337,1,1,1
trace,trajectory_0434,1,24,722,vae,turn_embedding_pool_side,0.66046244,0.6569566,3.505828,0.9990414110429447,1,1,1
trace,trajectory_0064,1,25,816,vae,turn_embedding_pool_side,0.63455284,0.63067037,3.8824468,0.9990414110429447,1,1,1
trace,trajectory_0137,0,25,846,vae,turn_embedding_pool_side,0.6978835,0.69375473,4.1287284,0.9990414110429447,1,1,1
trace,trajectory_0072,1,24,762,vae,turn_embedding_pool_side,0.68461007,0.6811233,3.4867344,0.9990414110429447,1,1,1
trace,trajectory_0422,0,24,1256,vae,turn_embedding_pool_side,0.7165132,0.7124317,4.081509,0.9990414110429447,1,1,1
trace,trajectory_0249,1,23,761,vae,turn_embedding_pool_side,0.66973895,0.6658938,3.84517,0.9990414110429447,1,1,1
trace,trajectory_0160,0,14,2402,vae,turn_embedding_pool_side,0.87051827,0.8666714,3.8468804,0.9990414110429447,1,1,1
trace,trajectory_0475,1,38,1369,vae,turn_embedding_pool_side,0.77603227,0.77252054,3.5117009,0.9990414110429447,1,1,1
trace,trajectory_0025,0,41,1102,vae,turn_embedding_pool_side,0.6178832,0.6144291,3.4540775,0.9988496932515337,1,1,1
trace,trajectory_0232,0,35,952,vae,turn_embedding_pool_side,0.80432767,0.8008867,3.440974,0.9990414110429447,1,1,1
trace,trajectory_0398,1,39,1790,vae,turn_embedding_pool_side,0.60333014,0.5995109,3.819199,0.9988496932515337,1,1,1
trace,trajectory_0377,1,27,1076,vae,turn_embedding_pool_side,0.624493,0.62072843,3.7645667,0.9988496932515337,1,1,1
trace,trajectory_0265,0,20,837,vae,turn_embedding_pool_side,0.6760327,0.6722729,3.7598062,0.9990414110429447,1,1,1
trace,trajectory_0320,1,29,898,vae,turn_embedding_pool_side,0.627791,0.6236472,4.143765,0.9988496932515337,1,1,1
trace,trajectory_0009,1,30,881,vae,turn_embedding_pool_side,0.55776584,0.5544246,3.3412766,0.9984662576687117,1,1,1
trace,trajectory_0459,0,27,644,vae,turn_embedding_pool_side,0.8557366,0.85261506,3.1215603,0.9990414110429447,1,1,1
trace,trajectory_0273,0,21,1075,vae,turn_embedding_pool_side,0.6367127,0.6324881,4.2245855,0.9990414110429447,1,1,1
trace,trajectory_0336,0,27,1373,vae,turn_embedding_pool_side,0.6916972,0.6874685,4.2286386,0.9990414110429447,1,1,1
trace,trajectory_0224,0,26,857,vae,turn_embedding_pool_side,0.6629163,0.6596299,3.286431,0.9990414110429447,1,1,1
trace,trajectory_0361,1,25,1354,vae,turn_embedding_pool_side,0.6914647,0.68766886,3.7958708,0.9990414110429447,1,1,1
trace,trajectory_0048,1,31,1146,vae,turn_embedding_pool_side,0.76199514,0.75830424,3.6908817,0.9990414110429447,1,1,1
trace,trajectory_0418,1,22,569,vae,turn_embedding_pool_side,0.5998368,0.59544283,4.393991,0.9988496932515337,1,1,1
trace,trajectory_0480,1,33,1198,vae,turn_embedding_pool_side,0.7144078,0.7108473,3.5604787,0.9990414110429447,1,1,1
trace,trajectory_0195,0,23,855,vae,turn_embedding_pool_side,0.6633035,0.66011375,3.189733,0.9990414110429447,1,1,1
trace,trajectory_0316,0,30,1189,vae,turn_embedding_pool_side,0.68311137,0.6792026,3.908751,0.9990414110429447,1,1,1
trace,trajectory_0253,1,26,719,vae,turn_embedding_pool_side,0.60764027,0.60287267,4.767597,0.9988496932515337,1,1,1
trace,trajectory_0087,1,22,588,vae,turn_embedding_pool_side,0.6403675,0.6367567,3.6107793,0.9990414110429447,1,1,1
trace,trajectory_0068,0,21,757,vae,turn_embedding_pool_side,0.6611648,0.6567546,4.4101973,0.9990414110429447,1,1,1
trace,trajectory_0438,1,26,981,vae,turn_embedding_pool_side,0.73637074,0.7326702,3.7005744,0.9990414110429447,1,1,1
trace,trajectory_0341,1,26,599,vae,turn_embedding_pool_side,0.5620836,0.557624,4.4596157,0.9984662576687117,1,1,1
trace,trajectory_0204,0,20,903,vae,turn_embedding_pool_side,0.6167768,0.6127863,3.9905598,0.9988496932515337,1,1,1
trace,trajectory_0091,0,25,956,vae,turn_embedding_pool_side,0.75835836,0.7539473,4.411042,0.9990414110429447,1,1,1
trace,trajectory_0357,1,20,656,vae,turn_embedding_pool_side,0.74986595,0.74588174,3.9842362,0.9990414110429447,1,1,1
trace,trajectory_0212,0,24,806,vae,turn_embedding_pool_side,0.53930765,0.53505063,4.2570324,0.9984662576687117,1,1,1
trace,trajectory_0496,1,28,909,vae,turn_embedding_pool_side,0.59171057,0.587815,3.895607,0.9988496932515337,1,1,1
trace,trajectory_0029,0,29,931,vae,turn_embedding_pool_side,0.7389363,0.7349925,3.9437907,0.9990414110429447,1,1,1
trace,trajectory_0183,1,23,709,vae,turn_embedding_pool_side,0.65833557,0.6551907,3.1448514,0.9990414110429447,1,1,1
trace,trajectory_0479,0,23,819,vae,turn_embedding_pool_side,0.7182759,0.713824,4.451923,0.9990414110429447,1,1,1
trace,trajectory_0300,1,24,767,vae,turn_embedding_pool_side,0.6841382,0.68044466,3.6935272,0.9990414110429447,1,1,1
trace,trajectory_0245,1,19,842,vae,turn_embedding_pool_side,0.6823094,0.67871565,3.5937424,0.9990414110429447,1,1,1
trace,trajectory_0052,1,25,1111,vae,turn_embedding_pool_side,0.69552034,0.69210243,3.417902,0.9990414110429447,1,1,1
trace,trajectory_0402,1,25,920,vae,turn_embedding_pool_side,0.7056211,0.7016009,4.0202303,0.9990414110429447,1,1,1
trace,trajectory_0117,0,33,575,vae,turn_embedding_pool_side,0.6083742,0.6048574,3.5167673,0.9988496932515337,1,1,1
trace,trajectory_0394,0,26,908,vae,turn_embedding_pool_side,0.6636022,0.65982103,3.7811546,0.9990414110429447,1,1,1
trace,trajectory_0455,0,29,835,vae,turn_embedding_pool_side,0.720459,0.7160802,4.3787904,0.9990414110429447,1,1,1
trace,trajectory_0005,1,30,823,vae,turn_embedding_pool_side,0.6047379,0.60043156,4.3062944,0.9988496932515337,1,1,1
trace,trajectory_0510,1,36,878,vae,turn_embedding_pool_side,0.6303052,0.6259252,4.3799896,0.9988496932515337,1,1,1
trace,trajectory_0140,0,22,553,vae,turn_embedding_pool_side,0.64838904,0.6439699,4.4191213,0.9990414110429447,1,1,1
trace,trajectory_0269,0,19,987,vae,turn_embedding_pool_side,0.62064904,0.61643803,4.2110133,0.9988496932515337,1,1,1
trace,trajectory_0286,0,32,806,vae,turn_embedding_pool_side,0.83573884,0.83124995,4.488885,0.9990414110429447,1,1,1
trace,trajectory_0013,0,25,680,vae,turn_embedding_pool_side,0.63798255,0.63383543,4.1470885,0.9990414110429447,1,1,1
trace,trajectory_0443,0,26,833,vae,turn_embedding_pool_side,0.72828364,0.72411627,4.16735,0.9990414110429447,1,1,1
trace,trajectory_0156,1,36,886,vae,turn_embedding_pool_side,0.7248375,0.72139794,3.4395173,0.9990414110429447,1,1,1
trace,trajectory_0506,1,36,1016,vae,turn_embedding_pool_side,0.70528585,0.7012955,3.9903479,0.9990414110429447,1,1,1
trace,trajectory_0290,1,28,1211,vae,turn_embedding_pool_side,0.7095609,0.7055316,4.0292892,0.9990414110429447,1,1,1
trace,trajectory_0414,0,19,536,vae,turn_embedding_pool_side,0.704069,0.7001315,3.9375348,0.9990414110429447,1,1,1
trace,trajectory_0044,0,31,1210,vae,turn_embedding_pool_side,0.606621,0.6024669,4.1541376,0.9988496932515337,1,1,1
trace,trajectory_0101,0,21,702,vae,turn_embedding_pool_side,0.65606314,0.65203995,4.0232053,0.9990414110429447,1,1,1
trace,trajectory_0228,0,20,796,vae,turn_embedding_pool_side,0.6362082,0.63167775,4.530435,0.9990414110429447,1,1,1
trace,trajectory_0382,1,25,667,vae,turn_embedding_pool_side,0.77931404,0.7751313,4.182728,0.9990414110429447,1,1,1
trace,trajectory_0196,1,31,1118,vae,turn_embedding_pool_side,0.67590654,0.67294836,2.9581707,0.9990414110429447,1,1,1
trace,trajectory_0483,1,28,688,vae,turn_embedding_pool_side,0.57423747,0.5701016,4.135837,0.9986579754601227,1,1,1
trace,trajectory_0179,0,36,1141,vae,turn_embedding_pool_side,0.8319092,0.82799166,3.9175014,0.9990414110429447,1,1,1
trace,trajectory_0250,0,25,639,vae,turn_embedding_pool_side,0.6481992,0.6443388,3.8604324,0.9990414110429447,1,1,1
trace,trajectory_0315,0,25,1650,vae,turn_embedding_pool_side,0.6315008,0.6277234,3.7774098,0.9988496932515337,1,1,1
trace,trajectory_0084,1,24,1281,vae,turn_embedding_pool_side,0.6873728,0.683104,4.2688303,0.9990414110429447,1,1,1
trace,trajectory_0207,0,32,860,vae,turn_embedding_pool_side,0.6877079,0.68407696,3.6309483,0.9990414110429447,1,1,1
trace,trajectory_0342,0,20,676,vae,turn_embedding_pool_side,0.68362206,0.67936563,4.2564178,0.9990414110429447,1,1,1
trace,trajectory_0092,1,28,893,vae,turn_embedding_pool_side,0.6539203,0.6501015,3.8187857,0.9990414110429447,1,1,1
trace,trajectory_0138,1,19,776,vae,turn_embedding_pool_side,0.6883852,0.68480563,3.5795574,0.9990414110429447,1,1,1
trace,trajectory_0211,0,21,1103,vae,turn_embedding_pool_side,0.7290896,0.72536457,3.725041,0.9990414110429447,1,1,1
trace,trajectory_0354,1,20,691,vae,turn_embedding_pool_side,0.5694628,0.56592304,3.539738,0.9986579754601227,1,1,1
trace,trajectory_0180,0,22,558,vae,turn_embedding_pool_side,0.6658133,0.66152686,4.2864466,0.9990414110429447,1,1,1
trace,trajectory_0495,1,26,978,vae,turn_embedding_pool_side,0.6852361,0.6817701,3.4660347,0.9990414110429447,1,1,1
trace,trajectory_0246,1,21,766,vae,turn_embedding_pool_side,0.77362424,0.76952815,4.096085,0.9990414110429447,1,1,1
trace,trajectory_0303,1,21,530,vae,turn_embedding_pool_side,0.7905685,0.78676933,3.7991138,0.9990414110429447,1,1,1
trace,trajectory_0114,0,30,934,vae,turn_embedding_pool_side,0.5584575,0.555358,3.0994768,0.9984662576687117,1,1,1
trace,trajectory_0051,0,26,834,vae,turn_embedding_pool_side,0.751869,0.7478201,4.048966,0.9990414110429447,1,1,1
trace,trajectory_0401,0,39,1248,vae,turn_embedding_pool_side,0.8590285,0.855435,3.593482,0.9990414110429447,1,1,1
trace,trajectory_0378,1,23,809,vae,turn_embedding_pool_side,0.63840765,0.63408095,4.326707,0.9990414110429447,1,1,1
trace,trajectory_0397,0,31,697,vae,turn_embedding_pool_side,0.56584877,0.56279147,3.057295,0.9986579754601227,1,1,1
trace,trajectory_0513,1,39,1274,vae,turn_embedding_pool_side,0.55511767,0.5511537,3.9639616,0.9984662576687117,1,1,1
trace,trajectory_0143,0,30,820,vae,turn_embedding_pool_side,0.7013308,0.6974865,3.8442662,0.9990414110429447,1,1,1
trace,trajectory_0456,0,19,836,vae,turn_embedding_pool_side,0.641772,0.6383463,3.42567,0.9990414110429447,1,1,1
trace,trajectory_0006,1,22,485,vae,turn_embedding_pool_side,0.6345064,0.6310994,3.4070299,0.9990414110429447,1,1,1
trace,trajectory_0285,1,25,637,vae,turn_embedding_pool_side,0.6378749,0.6347289,3.1460173,0.9990414110429447,1,1,1
trace,trajectory_0155,0,23,1090,vae,turn_embedding_pool_side,0.7483011,0.74485177,3.4493477,0.9990414110429447,1,1,1
trace,trajectory_0505,1,26,858,vae,turn_embedding_pool_side,0.58860916,0.585054,3.5551715,0.9988496932515337,1,1,1
trace,trajectory_0010,0,22,923,vae,turn_embedding_pool_side,0.65502226,0.6512079,3.814359,0.9990414110429447,1,1,1
trace,trajectory_0440,1,21,720,vae,turn_embedding_pool_side,0.82011247,0.8168025,3.3099575,0.9990414110429447,1,1,1
trace,trajectory_0293,0,28,931,vae,turn_embedding_pool_side,0.86209685,0.858238,3.8588572,0.9990414110429447,1,1,1
trace,trajectory_0339,0,23,1005,vae,turn_embedding_pool_side,0.7728465,0.7683791,4.4674253,0.9990414110429447,1,1,1
trace,trajectory_0102,0,27,1150,vae,turn_embedding_pool_side,0.689985,0.6857007,4.2842393,0.9990414110429447,1,1,1
trace,trajectory_0417,1,23,822,vae,turn_embedding_pool_side,0.76982063,0.7662533,3.5673492,0.9990414110429447,1,1,1
trace,trajectory_0047,1,36,1068,vae,turn_embedding_pool_side,0.63429856,0.630229,4.069571,0.9990414110429447,1,1,1
trace,trajectory_0381,0,31,871,vae,turn_embedding_pool_side,0.56204057,0.55781996,4.2205834,0.9984662576687117,1,1,1
trace,trajectory_0319,1,23,894,vae,turn_embedding_pool_side,0.6643102,0.6602199,4.0903244,0.9990414110429447,1,1,1
trace,trajectory_0030,1,32,827,vae,turn_embedding_pool_side,0.56862074,0.56424236,4.3784027,0.9986579754601227,1,1,1
trace,trajectory_0460,0,40,1074,vae,turn_embedding_pool_side,0.6858435,0.68241507,3.4284708,0.9990414110429447,1,1,1
trace,trajectory_0175,1,26,892,vae,turn_embedding_pool_side,0.72554743,0.72236735,3.180065,0.9990414110429447,1,1,1
trace,trajectory_0437,1,22,767,vae,turn_embedding_pool_side,0.8276053,0.824803,2.8023407,0.9990414110429447,1,1,1
trace,trajectory_0067,0,30,759,vae,turn_embedding_pool_side,0.5977929,0.59368414,4.1088133,0.9988496932515337,1,1,1
trace,trajectory_0088,1,18,584,vae,turn_embedding_pool_side,0.5637742,0.55946195,4.312286,0.9984662576687117,1,1,1
trace,trajectory_0122,0,22,580,vae,turn_embedding_pool_side,0.73742294,0.73298526,4.4376802,0.9990414110429447,1,1,1
trace,trajectory_0358,1,32,1407,vae,turn_embedding_pool_side,0.6522641,0.648369,3.8951104,0.9990414110429447,1,1,1
trace,trajectory_0071,0,27,768,vae,turn_embedding_pool_side,0.9016203,0.8978905,3.729824,0.9990414110429447,1,1,1
trace,trajectory_0421,1,24,710,vae,turn_embedding_pool_side,0.5798972,0.57596207,3.9351768,0.9988496932515337,1,1,1
trace,trajectory_0134,0,29,736,vae,turn_embedding_pool_side,0.6441057,0.64044446,3.6611886,0.9990414110429447,1,1,1
trace,trajectory_0476,0,31,977,vae,turn_embedding_pool_side,0.6528574,0.64850444,4.352968,0.9990414110429447,1,1,1
trace,trajectory_0026,1,26,801,vae,turn_embedding_pool_side,0.50378966,0.49976525,4.024413,0.9982745398773006,1,1,1
trace,trajectory_0499,1,22,701,vae,turn_embedding_pool_side,0.5997803,0.5960015,3.778792,0.9988496932515337,1,1,1
trace,trajectory_0163,0,20,1134,vae,turn_embedding_pool_side,0.6732435,0.66937447,3.8690329,0.9990414110429447,1,1,1
trace,trajectory_0374,1,30,710,vae,turn_embedding_pool_side,0.8176156,0.8134426,4.1730204,0.9990414110429447,1,1,1
trace,trajectory_0231,1,25,964,vae,turn_embedding_pool_side,0.7412357,0.7376486,3.5870738,0.9990414110429447,1,1,1
trace,trajectory_0118,1,23,650,vae,turn_embedding_pool_side,0.66908616,0.66504323,4.042894,0.9990414110429447,1,1,1
trace,trajectory_0289,1,20,438,vae,turn_embedding_pool_side,0.65444887,0.65138036,3.0685332,0.9990414110429447,1,1,1
trace,trajectory_0323,1,17,394,vae,turn_embedding_pool_side,0.71638864,0.71216434,4.224271,0.9990414110429447,1,1,1
trace,trajectory_0266,0,30,1467,vae,turn_embedding_pool_side,0.66746235,0.6635752,3.887203,0.9990414110429447,1,1,1
trace,trajectory_0335,0,29,992,vae,turn_embedding_pool_side,0.56150645,0.5578439,3.662498,0.9984662576687117,1,1,1
trace,trajectory_0270,0,22,742,vae,turn_embedding_pool_side,0.7380819,0.73353106,4.5507903,0.9990414110429447,1,1,1
trace,trajectory_0509,1,47,1146,vae,turn_embedding_pool_side,0.642719,0.63876617,3.95283,0.9990414110429447,1,1,1
trace,trajectory_0159,0,23,706,vae,turn_embedding_pool_side,0.649467,0.64531094,4.15607,0.9990414110429447,1,1,1
trace,trajectory_0362,1,20,958,vae,turn_embedding_pool_side,0.8042535,0.8011849,3.0686238,0.9990414110429447,1,1,1
trace,trajectory_0227,0,41,1163,vae,turn_embedding_pool_side,0.84353137,0.8398036,3.72781,0.9990414110429447,1,1,1
trace,trajectory_0363,1,16,532,vae,turn_embedding_pool_side,0.7314773,0.72737485,4.102462,0.9990414110429447,1,1,1
trace,trajectory_0226,0,26,662,vae,turn_embedding_pool_side,0.76473325,0.760808,3.9252527,0.9990414110429447,1,1,1
trace,trajectory_0508,1,49,1384,vae,turn_embedding_pool_side,0.746963,0.7432189,3.744121,0.9990414110429447,1,1,1
trace,trajectory_0158,0,27,735,vae,turn_embedding_pool_side,0.5582188,0.5548375,3.3812242,0.9984662576687117,1,1,1
trace,trajectory_0334,1,32,1369,vae,turn_embedding_pool_side,0.71504235,0.7115348,3.5075274,0.9990414110429447,1,1,1
trace,trajectory_0271,1,23,664,vae,turn_embedding_pool_side,0.7926424,0.78863496,4.007459,0.9990414110429447,1,1,1
trace,trajectory_0288,1,17,804,vae,turn_embedding_pool_side,0.7100025,0.7061379,3.8645878,0.9990414110429447,1,1,1
trace,trajectory_0322,1,19,972,vae,turn_embedding_pool_side,0.7412577,0.7376322,3.6255155,0.9990414110429447,1,1,1
trace,trajectory_0267,0,26,847,vae,turn_embedding_pool_side,0.47513226,0.47129646,3.8357892,0.9978911042944786,1,1,1
trace,trajectory_0119,1,34,1396,vae,turn_embedding_pool_side,0.6540738,0.6497837,4.2901106,0.9990414110429447,1,1,1
trace,trajectory_0375,1,26,970,vae,turn_embedding_pool_side,0.68833655,0.683979,4.3575687,0.9990414110429447,1,1,1
trace,trajectory_0230,1,22,726,vae,turn_embedding_pool_side,0.69168305,0.6884215,3.261571,0.9990414110429447,1,1,1
trace,trajectory_0477,1,31,751,vae,turn_embedding_pool_side,0.6754402,0.67110145,4.3387623,0.9990414110429447,1,1,1
trace,trajectory_0027,0,22,762,vae,turn_embedding_pool_side,0.6122862,0.6089364,3.34976,0.9988496932515337,1,1,1
trace,trajectory_0498,1,29,872,vae,turn_embedding_pool_side,0.6735177,0.6702157,3.30195,0.9990414110429447,1,1,1
trace,trajectory_0162,0,32,867,vae,turn_embedding_pool_side,0.71480346,0.710679,4.1244364,0.9990414110429447,1,1,1
trace,trajectory_0070,1,25,690,vae,turn_embedding_pool_side,0.5209714,0.5172391,3.7323413,0.9984662576687117,1,1,1
trace,trajectory_0420,0,20,615,vae,turn_embedding_pool_side,0.7002613,0.6963804,3.8809319,0.9990414110429447,1,1,1
trace,trajectory_0135,1,18,601,vae,turn_embedding_pool_side,0.6646146,0.6612185,3.3961086,0.9990414110429447,1,1,1
trace,trajectory_0359,1,21,740,vae,turn_embedding_pool_side,0.62690115,0.62346613,3.4349952,0.9988496932515337,1,1,1
trace,trajectory_0436,1,19,567,vae,turn_embedding_pool_side,0.6437974,0.64021456,3.5828254,0.9990414110429447,1,1,1
trace,trajectory_0066,0,28,872,vae,turn_embedding_pool_side,0.7235991,0.7199645,3.6345673,0.9990414110429447,1,1,1
trace,trajectory_0089,0,27,1875,vae,turn_embedding_pool_side,0.75746167,0.7535313,3.9303846,0.9990414110429447,1,1,1
trace,trajectory_0123,1,25,706,vae,turn_embedding_pool_side,0.66941214,0.66604626,3.3658454,0.9990414110429447,1,1,1
trace,trajectory_0031,1,24,533,vae,turn_embedding_pool_side,0.8219811,0.81753236,4.4487123,0.9990414110429447,1,1,1
trace,trajectory_0461,0,19,707,vae,turn_embedding_pool_side,0.6375577,0.63349634,4.061346,0.9990414110429447,1,1,1
trace,trajectory_0174,0,29,572,vae,turn_embedding_pool_side,0.67382264,0.66997397,3.8486524,0.9990414110429447,1,1,1
trace,trajectory_0318,1,15,407,vae,turn_embedding_pool_side,0.6851394,0.6808248,4.3145714,0.9990414110429447,1,1,1
trace,trajectory_0380,1,24,650,vae,turn_embedding_pool_side,0.80724055,0.8032824,3.95817,0.9990414110429447,1,1,1
trace,trajectory_0103,0,19,577,vae,turn_embedding_pool_side,0.65562594,0.65165454,3.9713864,0.9990414110429447,1,1,1
trace,trajectory_0416,0,20,659,vae,turn_embedding_pool_side,0.80950123,0.80574536,3.7558908,0.9990414110429447,1,1,1
trace,trajectory_0046,0,27,1086,vae,turn_embedding_pool_side,0.5846533,0.58071,3.9433005,0.9988496932515337,1,1,1
trace,trajectory_0292,1,34,1186,vae,turn_embedding_pool_side,0.5524096,0.5485063,3.9032528,0.9984662576687117,1,1,1
trace,trajectory_0338,1,35,945,vae,turn_embedding_pool_side,0.5615208,0.5572099,4.310876,0.9984662576687117,1,1,1
trace,trajectory_0154,0,26,631,vae,turn_embedding_pool_side,0.7643378,0.7608351,3.502643,0.9990414110429447,1,1,1
trace,trajectory_0504,1,24,625,vae,turn_embedding_pool_side,0.72528493,0.72200817,3.276772,0.9990414110429447,1,1,1
trace,trajectory_0011,1,35,1057,vae,turn_embedding_pool_side,0.7524953,0.74887747,3.6177974,0.9990414110429447,1,1,1
trace,trajectory_0441,1,32,1061,vae,turn_embedding_pool_side,0.5603214,0.5559864,4.335007,0.9984662576687117,1,1,1
trace,trajectory_0284,1,33,830,vae,turn_embedding_pool_side,0.6854192,0.6819655,3.4537435,0.9990414110429447,1,1,1
trace,trajectory_0512,1,47,1086,vae,turn_embedding_pool_side,0.6243134,0.6206314,3.6820292,0.9988496932515337,1,1,1
trace,trajectory_0142,0,35,701,vae,turn_embedding_pool_side,0.63424885,0.6307854,3.4634762,0.9988496932515337,1,1,1
trace,trajectory_0457,0,32,698,vae,turn_embedding_pool_side,0.64434505,0.64080393,3.541136,0.9990414110429447,1,1,1
trace,trajectory_0007,1,27,722,vae,turn_embedding_pool_side,0.8612321,0.85777336,3.4587126,0.9990414110429447,1,1,1
trace,trajectory_0379,0,26,1234,vae,turn_embedding_pool_side,0.5685213,0.5640278,4.493526,0.9986579754601227,1,1,1
trace,trajectory_0396,1,28,779,vae,turn_embedding_pool_side,0.813498,0.8098113,3.6867359,0.9990414110429447,1,1,1
trace,trajectory_0115,1,25,920,vae,turn_embedding_pool_side,0.55101115,0.5464761,4.534997,0.9984662576687117,1,1,1
trace,trajectory_0050,1,23,1030,vae,turn_embedding_pool_side,0.5680465,0.5640653,3.981223,0.9986579754601227,1,1,1
trace,trajectory_0400,0,19,574,vae,turn_embedding_pool_side,0.78724176,0.7832876,3.954161,0.9990414110429447,1,1,1
trace,trajectory_0247,0,22,532,vae,turn_embedding_pool_side,0.71342325,0.7094338,3.989483,0.9990414110429447,1,1,1
trace,trajectory_0302,0,37,1204,vae,turn_embedding_pool_side,0.8186164,0.8156004,3.015968,0.9990414110429447,1,1,1
trace,trajectory_0181,0,32,575,vae,turn_embedding_pool_side,0.6620305,0.65789646,4.1340413,0.9990414110429447,1,1,1
trace,trajectory_0494,1,37,1407,vae,turn_embedding_pool_side,0.6164706,0.6121556,4.3149366,0.9988496932515337,1,1,1
trace,trajectory_0210,1,25,842,vae,turn_embedding_pool_side,0.7818327,0.7781885,3.644152,0.9990414110429447,1,1,1
trace,trajectory_0355,0,24,847,vae,turn_embedding_pool_side,0.7231759,0.7190536,4.122227,0.9990414110429447,1,1,1
trace,trajectory_0093,1,27,1136,vae,turn_embedding_pool_side,0.84966236,0.8464214,3.2409203,0.9990414110429447,1,1,1
trace,trajectory_0139,0,29,948,vae,turn_embedding_pool_side,0.6531157,0.6490669,4.048746,0.9990414110429447,1,1,1
trace,trajectory_0206,0,30,806,vae,turn_embedding_pool_side,0.7250788,0.72153044,3.548401,0.9990414110429447,1,1,1
trace,trajectory_0343,0,24,815,vae,turn_embedding_pool_side,0.7734062,0.76871467,4.6915364,0.9990414110429447,1,1,1
trace,trajectory_0085,0,24,1207,vae,turn_embedding_pool_side,0.6545766,0.65130556,3.271029,0.9990414110429447,1,1,1
trace,trajectory_0251,1,25,514,vae,turn_embedding_pool_side,0.8325886,0.82980907,2.7795317,0.9990414110429447,1,1,1
trace,trajectory_0314,1,26,713,vae,turn_embedding_pool_side,0.5802165,0.57611716,4.0993767,0.9988496932515337,1,1,1
trace,trajectory_0197,0,24,547,vae,turn_embedding_pool_side,0.59718084,0.5930193,4.1615086,0.9988496932515337,1,1,1
trace,trajectory_0482,1,28,1099,vae,turn_embedding_pool_side,0.75140464,0.7475309,3.8737783,0.9990414110429447,1,1,1
trace,trajectory_0178,1,24,1297,vae,turn_embedding_pool_side,0.7264633,0.72232574,4.1375675,0.9990414110429447,1,1,1
trace,trajectory_0036,1,18,1090,vae,turn_embedding_pool_side,0.59196603,0.58752924,4.4368067,0.9988496932515337,1,1,1
trace,trajectory_0466,1,21,735,vae,turn_embedding_pool_side,0.7039916,0.6998559,4.1356516,0.9990414110429447,1,1,1
trace,trajectory_0489,1,42,2405,vae,turn_embedding_pool_side,0.73180854,0.72849697,3.311583,0.9990414110429447,1,1,1
trace,trajectory_0173,0,29,1003,vae,turn_embedding_pool_side,0.552156,0.5470436,5.1123476,0.9984662576687117,1,1,1
trace,trajectory_0348,0,35,955,vae,turn_embedding_pool_side,0.6824746,0.67846537,4.009223,0.9990414110429447,1,1,1
trace,trajectory_0431,1,21,782,vae,turn_embedding_pool_side,0.7267427,0.72263205,4.1106257,0.9990414110429447,1,1,1
trace,trajectory_0061,0,20,811,vae,turn_embedding_pool_side,0.77021575,0.7661438,4.071965,0.9990414110429447,1,1,1
trace,trajectory_0124,0,29,897,vae,turn_embedding_pool_side,0.74844176,0.7445991,3.8426726,0.9990414110429447,1,1,1
trace,trajectory_0077,1,29,1257,vae,turn_embedding_pool_side,0.7812015,0.7774463,3.755169,0.9990414110429447,1,1,1
trace,trajectory_0427,1,24,560,vae,turn_embedding_pool_side,0.62777096,0.62294614,4.8248158,0.9988496932515337,1,1,1
trace,trajectory_0132,0,28,1295,vae,turn_embedding_pool_side,0.79441845,0.7906927,3.7257693,0.9990414110429447,1,1,1
trace,trajectory_0098,0,27,2274,vae,turn_embedding_pool_side,0.7545699,0.75030404,4.265846,0.9990414110429447,1,1,1
trace,trajectory_0309,1,29,592,vae,turn_embedding_pool_side,0.71487236,0.7109971,3.875238,0.9990414110429447,1,1,1
trace,trajectory_0470,1,25,793,vae,turn_embedding_pool_side,0.5740585,0.56968164,4.376814,0.9986579754601227,1,1,1
trace,trajectory_0020,0,41,858,vae,turn_embedding_pool_side,0.7486036,0.7445213,4.0822377,0.9990414110429447,1,1,1
trace,trajectory_0165,1,32,1201,vae,turn_embedding_pool_side,0.62022746,0.6168057,3.421779,0.9988496932515337,1,1,1
trace,trajectory_0372,1,31,559,vae,turn_embedding_pool_side,0.64087933,0.6367282,4.1511073,0.9990414110429447,1,1,1
trace,trajectory_0237,0,23,729,vae,turn_embedding_pool_side,0.7553757,0.7511336,4.2420754,0.9990414110429447,1,1,1
trace,trajectory_0325,1,37,1930,vae,turn_embedding_pool_side,0.6665337,0.66251177,4.0219254,0.9990414110429447,1,1,1
trace,trajectory_0260,0,31,993,vae,turn_embedding_pool_side,0.68030477,0.67642266,3.882133,0.9990414110429447,1,1,1
trace,trajectory_0149,1,28,898,vae,turn_embedding_pool_side,0.70407945,0.7008211,3.2583725,0.9990414110429447,1,1,1
trace,trajectory_0333,0,30,1125,vae,turn_embedding_pool_side,0.5992234,0.59500027,4.2231083,0.9988496932515337,1,1,1
trace,trajectory_0299,1,27,1269,vae,turn_embedding_pool_side,0.6752554,0.6713069,3.9484968,0.9990414110429447,1,1,1
trace,trajectory_0276,1,29,1065,vae,turn_embedding_pool_side,0.7226205,0.71832484,4.295647,0.9990414110429447,1,1,1
trace,trajectory_0364,0,34,860,vae,turn_embedding_pool_side,0.7504632,0.74616915,4.294037,0.9990414110429447,1,1,1
trace,trajectory_0221,0,31,1013,vae,turn_embedding_pool_side,0.67845654,0.6747553,3.7012904,0.9990414110429447,1,1,1
trace,trajectory_0108,1,30,775,vae,turn_embedding_pool_side,0.6119104,0.6082445,3.665912,0.9988496932515337,1,1,1
trace,trajectory_0190,1,26,799,vae,turn_embedding_pool_side,0.7636203,0.76006234,3.5579877,0.9990414110429447,1,1,1
trace,trajectory_0485,1,36,990,vae,turn_embedding_pool_side,0.6860055,0.6816468,4.3586426,0.9990414110429447,1,1,1
trace,trajectory_0256,0,27,582,vae,turn_embedding_pool_side,0.78941256,0.78558165,3.830917,0.9990414110429447,1,1,1
trace,trajectory_0313,0,30,730,vae,turn_embedding_pool_side,0.7285722,0.7243538,4.2184234,0.9990414110429447,1,1,1
trace,trajectory_0128,0,35,916,vae,turn_embedding_pool_side,0.6583381,0.65373814,4.5999784,0.9990414110429447,1,1,1
trace,trajectory_0082,1,26,559,vae,turn_embedding_pool_side,0.59072447,0.58836347,2.3609824,0.9988496932515337,1,1,1
trace,trajectory_0201,1,25,832,vae,turn_embedding_pool_side,0.66910416,0.6646858,4.4183536,0.9990414110429447,1,1,1
trace,trajectory_0344,1,21,720,vae,turn_embedding_pool_side,0.70007974,0.6966314,3.4483619,0.9990414110429447,1,1,1
trace,trajectory_0094,0,21,727,vae,turn_embedding_pool_side,0.7539724,0.74942863,4.5437927,0.9990414110429447,1,1,1
trace,trajectory_0217,0,24,608,vae,turn_embedding_pool_side,0.7292805,0.7253942,3.8863034,0.9990414110429447,1,1,1
trace,trajectory_0352,0,32,897,vae,turn_embedding_pool_side,0.64436215,0.6400928,4.2693653,0.9990414110429447,1,1,1
trace,trajectory_0186,0,25,961,vae,turn_embedding_pool_side,0.6955098,0.6907792,4.73059,0.9990414110429447,1,1,1
trace,trajectory_0493,1,29,1010,vae,turn_embedding_pool_side,0.62766814,0.62339884,4.2693305,0.9988496932515337,1,1,1
trace,trajectory_0169,1,17,596,vae,turn_embedding_pool_side,0.6308062,0.62729764,3.5085397,0.9988496932515337,1,1,1
trace,trajectory_0240,0,35,827,vae,turn_embedding_pool_side,0.7173071,0.7134949,3.812212,0.9990414110429447,1,1,1
trace,trajectory_0305,0,22,853,vae,turn_embedding_pool_side,0.76269275,0.7587939,3.898841,0.9990414110429447,1,1,1
trace,trajectory_0112,0,20,842,vae,turn_embedding_pool_side,0.6607049,0.6566796,4.025312,0.9990414110429447,1,1,1
trace,trajectory_0057,1,30,1279,vae,turn_embedding_pool_side,0.660246,0.6563976,3.8484154,0.9990414110429447,1,1,1
trace,trajectory_0407,1,28,1144,vae,turn_embedding_pool_side,0.5925893,0.5881694,4.419895,0.9988496932515337,1,1,1
trace,trajectory_0391,1,23,1019,vae,turn_embedding_pool_side,0.694736,0.6907914,3.9445515,0.9990414110429447,1,1,1
trace,trajectory_0515,1,33,2236,vae,turn_embedding_pool_side,0.7949557,0.79148155,3.4740982,0.9990414110429447,1,1,1
trace,trajectory_0145,0,17,770,vae,turn_embedding_pool_side,0.7272688,0.72341317,3.8556309,0.9990414110429447,1,1,1
trace,trajectory_0450,0,23,966,vae,turn_embedding_pool_side,0.5902529,0.5865116,3.7412467,0.9988496932515337,1,1,1
trace,trajectory_0329,0,28,1019,vae,turn_embedding_pool_side,0.7305977,0.7265842,4.013476,0.9990414110429447,1,1,1
trace,trajectory_0283,0,18,604,vae,turn_embedding_pool_side,0.7154488,0.7120953,3.353501,0.9990414110429447,1,1,1
trace,trajectory_0153,0,28,1187,vae,turn_embedding_pool_side,0.5226103,0.5190792,3.5310857,0.9984662576687117,1,1,1
trace,trajectory_0503,1,30,1042,vae,turn_embedding_pool_side,0.77483,0.76989746,4.9325027,0.9990414110429447,1,1,1
trace,trajectory_0016,1,21,635,vae,turn_embedding_pool_side,0.7233536,0.71998805,3.36556,0.9990414110429447,1,1,1
trace,trajectory_0446,0,33,1036,vae,turn_embedding_pool_side,0.7171112,0.71315527,3.955897,0.9990414110429447,1,1,1
trace,trajectory_0295,0,31,1457,vae,turn_embedding_pool_side,0.65095043,0.64647895,4.471501,0.9990414110429447,1,1,1
trace,trajectory_0104,0,31,794,vae,turn_embedding_pool_side,0.5923483,0.58827347,4.0748324,0.9988496932515337,1,1,1
trace,trajectory_0411,0,25,765,vae,turn_embedding_pool_side,0.6541668,0.649788,4.378782,0.9990414110429447,1,1,1
trace,trajectory_0041,1,27,507,vae,turn_embedding_pool_side,0.7151391,0.71195203,3.1870494,0.9990414110429447,1,1,1
trace,trajectory_0368,0,28,1156,vae,turn_embedding_pool_side,0.6423349,0.6385056,3.8293107,0.9990414110429447,1,1,1
trace,trajectory_0387,0,30,728,vae,turn_embedding_pool_side,0.67370635,0.6702068,3.499544,0.9990414110429447,1,1,1
trace,trajectory_0369,1,34,2112,vae,turn_embedding_pool_side,0.7919877,0.78882444,3.1632752,0.9990414110429447,1,1,1
trace,trajectory_0386,0,22,897,vae,turn_embedding_pool_side,0.7233223,0.7196958,3.6264906,0.9990414110429447,1,1,1
trace,trajectory_0105,1,20,1144,vae,turn_embedding_pool_side,0.68165547,0.67785054,3.8049133,0.9990414110429447,1,1,1
trace,trajectory_0410,1,25,714,vae,turn_embedding_pool_side,0.60567695,0.6016724,4.004509,0.9988496932515337,1,1,1
trace,trajectory_0040,0,31,1047,vae,turn_embedding_pool_side,0.71476376,0.7110728,3.6909578,0.9990414110429447,1,1,1
trace,trajectory_0294,1,23,1009,vae,turn_embedding_pool_side,0.67342675,0.67021585,3.2109258,0.9990414110429447,1,1,1
trace,trajectory_0152,0,20,1126,vae,turn_embedding_pool_side,0.72452176,0.7204437,4.0780005,0.9990414110429447,1,1,1
trace,trajectory_0502,1,26,1284,vae,turn_embedding_pool_side,0.7117442,0.7081302,3.6139917,0.9990414110429447,1,1,1
trace,trajectory_0017,1,29,753,vae,turn_embedding_pool_side,0.6064028,0.6027907,3.612105,0.9988496932515337,1,1,1
trace,trajectory_0447,0,20,712,vae,turn_embedding_pool_side,0.6751445,0.6716117,3.5327811,0.9990414110429447,1,1,1
trace,trajectory_0328,0,21,714,vae,turn_embedding_pool_side,0.64289844,0.6396905,3.2078922,0.9990414110429447,1,1,1
trace,trajectory_0282,0,22,712,vae,turn_embedding_pool_side,0.7875429,0.783256,4.2868876,0.9990414110429447,1,1,1
trace,trajectory_0514,1,37,2436,vae,turn_embedding_pool_side,0.80328166,0.79996777,3.3138962,0.9990414110429447,1,1,1
trace,trajectory_0144,1,22,651,vae,turn_embedding_pool_side,0.6385324,0.6347849,3.7474947,0.9990414110429447,1,1,1
trace,trajectory_0451,1,27,951,vae,turn_embedding_pool_side,0.7666176,0.7630485,3.5690918,0.9990414110429447,1,1,1
trace,trajectory_0001,0,35,911,vae,turn_embedding_pool_side,0.5550777,0.5510625,4.0151677,0.9984662576687117,1,1,1
trace,trajectory_0390,0,29,1316,vae,turn_embedding_pool_side,0.6316157,0.6275165,4.099192,0.9988496932515337,1,1,1
trace,trajectory_0113,0,21,698,vae,turn_embedding_pool_side,0.6860283,0.68164724,4.3810463,0.9990414110429447,1,1,1
trace,trajectory_0056,0,27,930,vae,turn_embedding_pool_side,0.80483073,0.80088836,3.94239,0.9990414110429447,1,1,1
trace,trajectory_0406,0,22,679,vae,turn_embedding_pool_side,0.7445811,0.7412455,3.3355973,0.9990414110429447,1,1,1
trace,trajectory_0241,1,28,875,vae,turn_embedding_pool_side,0.6958881,0.69191873,3.9693418,0.9990414110429447,1,1,1
trace,trajectory_0304,0,20,677,vae,turn_embedding_pool_side,0.70797044,0.7041618,3.8086414,0.9990414110429447,1,1,1
trace,trajectory_0187,1,23,631,vae,turn_embedding_pool_side,0.72583145,0.72249305,3.3384035,0.9990414110429447,1,1,1
trace,trajectory_0492,1,30,2430,vae,turn_embedding_pool_side,0.8074478,0.8038968,3.5510201,0.9990414110429447,1,1,1
trace,trajectory_0168,1,24,981,vae,turn_embedding_pool_side,0.7307439,0.72669256,4.051321,0.9990414110429447,1,1,1
trace,trajectory_0216,0,31,981,vae,turn_embedding_pool_side,0.81719553,0.81346333,3.7322195,0.9990414110429447,1,1,1
trace,trajectory_0353,1,22,710,vae,turn_embedding_pool_side,0.6935103,0.6901122,3.3981068,0.9990414110429447,1,1,1
trace,trajectory_0095,1,35,1330,vae,turn_embedding_pool_side,0.6364791,0.6322098,4.269311,0.9990414110429447,1,1,1
trace,trajectory_0200,1,23,1154,vae,turn_embedding_pool_side,0.6746143,0.6708466,3.7677243,0.9990414110429447,1,1,1
trace,trajectory_0345,0,24,950,vae,turn_embedding_pool_side,0.6569935,0.65363604,3.357485,0.9990414110429447,1,1,1
trace,trajectory_0129,0,30,732,vae,turn_embedding_pool_side,0.7369367,0.7328773,4.0593567,0.9990414110429447,1,1,1
trace,trajectory_0083,0,29,1110,vae,turn_embedding_pool_side,0.6143236,0.6105431,3.7805529,0.9988496932515337,1,1,1
trace,trajectory_0257,0,27,917,vae,turn_embedding_pool_side,0.7234823,0.72053915,2.9431813,0.9990414110429447,1,1,1
trace,trajectory_0312,0,27,585,vae,turn_embedding_pool_side,0.6649378,0.66133505,3.6027157,0.9990414110429447,1,1,1
trace,trajectory_0191,0,21,1267,vae,turn_embedding_pool_side,0.5925029,0.5881112,4.3916893,0.9988496932515337,1,1,1
trace,trajectory_0484,1,25,787,vae,turn_embedding_pool_side,0.6694301,0.66476506,4.6650124,0.9990414110429447,1,1,1
trace,trajectory_0109,1,18,786,vae,turn_embedding_pool_side,0.72810787,0.72443086,3.67699,0.9990414110429447,1,1,1
trace,trajectory_0365,0,28,1279,vae,turn_embedding_pool_side,0.8282789,0.8240528,4.2260847,0.9990414110429447,1,1,1
trace,trajectory_0220,1,25,930,vae,turn_embedding_pool_side,0.76677275,0.7630089,3.7638803,0.9990414110429447,1,1,1
trace,trajectory_0332,1,19,512,vae,turn_embedding_pool_side,0.7660303,0.76221097,3.8193724,0.9990414110429447,1,1,1
trace,trajectory_0298,0,16,474,vae,turn_embedding_pool_side,0.7690384,0.76467305,4.365314,0.9990414110429447,1,1,1
trace,trajectory_0277,1,25,1160,vae,turn_embedding_pool_side,0.621405,0.61710703,4.297946,0.9988496932515337,1,1,1
trace,trajectory_0148,0,25,794,vae,turn_embedding_pool_side,0.692108,0.68775415,4.3538,0.9990414110429447,1,1,1
trace,trajectory_0324,0,35,1536,vae,turn_embedding_pool_side,0.5684862,0.5643766,4.109644,0.9986579754601227,1,1,1
trace,trajectory_0261,0,21,480,vae,turn_embedding_pool_side,0.5596752,0.5562039,3.4713397,0.9984662576687117,1,1,1
trace,trajectory_0373,0,29,1441,vae,turn_embedding_pool_side,0.7958475,0.7918358,4.011691,0.9990414110429447,1,1,1
trace,trajectory_0236,1,16,590,vae,turn_embedding_pool_side,0.48303857,0.47933596,3.7026029,0.9980828220858896,1,1,1
trace,trajectory_0471,0,24,802,vae,turn_embedding_pool_side,0.6887002,0.68467987,4.0203285,0.9990414110429447,1,1,1
trace,trajectory_0021,1,26,819,vae,turn_embedding_pool_side,0.7281151,0.72439504,3.7200453,0.9990414110429447,1,1,1
trace,trajectory_0164,0,22,884,vae,turn_embedding_pool_side,0.7627275,0.7586941,4.03339,0.9990414110429447,1,1,1
trace,trajectory_0308,1,31,1215,vae,turn_embedding_pool_side,0.6467595,0.64253575,4.22374,0.9990414110429447,1,1,1
trace,trajectory_0076,1,23,766,vae,turn_embedding_pool_side,0.58677804,0.5829187,3.859352,0.9988496932515337,1,1,1
trace,trajectory_0426,1,26,676,vae,turn_embedding_pool_side,0.7540651,0.7496709,4.394155,0.9990414110429447,1,1,1
trace,trajectory_0133,1,22,820,vae,turn_embedding_pool_side,0.69853866,0.69433963,4.1990557,0.9990414110429447,1,1,1
trace,trajectory_0099,1,27,950,vae,turn_embedding_pool_side,0.67872214,0.67497575,3.7463892,0.9990414110429447,1,1,1
trace,trajectory_0430,0,25,826,vae,turn_embedding_pool_side,0.6116156,0.60641074,5.2048354,0.9988496932515337,1,1,1
trace,trajectory_0060,1,19,488,vae,turn_embedding_pool_side,0.6697998,0.6666712,3.1286116,0.9990414110429447,1,1,1
trace,trajectory_0125,1,22,1105,vae,turn_embedding_pool_side,0.74530554,0.7416961,3.6094244,0.9990414110429447,1,1,1
trace,trajectory_0349,0,25,979,vae,turn_embedding_pool_side,0.62885445,0.6249686,3.8858702,0.9988496932515337,1,1,1
trace,trajectory_0037,0,29,935,vae,turn_embedding_pool_side,0.7389389,0.7349719,3.9670641,0.9990414110429447,1,1,1
trace,trajectory_0467,1,28,886,vae,turn_embedding_pool_side,0.66105986,0.65741867,3.641161,0.9990414110429447,1,1,1
trace,trajectory_0488,1,27,1076,vae,turn_embedding_pool_side,0.68661296,0.6831912,3.4217882,0.9990414110429447,1,1,1
trace,trajectory_0172,1,31,995,vae,turn_embedding_pool_side,0.7143923,0.71058416,3.8081315,0.9990414110429447,1,1,1
